<?xml version="1.0" encoding="windows-874" standalone="yes"?>
<!-- Generated by SMExport 4.77-->
<!DOCTYPE tutorial [
    <!ENTITY auml "&amp;auml;">
    <!ENTITY ouml "&amp;ouml;">
    <!ENTITY uuml "&amp;uuml;">
    <!ENTITY Auml "&amp;Auml;">
    <!ENTITY Ouml "&amp;Ouml;">
    <!ENTITY Uuml "&amp;Uuml;">
    <!ENTITY szlig "&amp;szlig;">
    <!ENTITY ret "&amp;lt;br/&amp;gt;">
    <!ENTITY car "">
]><RECORDS>
<METADATA><FIELDS><FIELD attrname="ShipperID" fieldtype="i4" readonly="true"/><FIELD attrname="CompanyName" fieldtype="string" WIDTH="40"/><FIELD attrname="Phone" fieldtype="string" WIDTH="24"/></FIELDS><PARAMS DEFAULT_ORDER="1" PRIMARY_KEY="1" LCID="1033"/></METADATA>
  <RECORD>
    <ROW
      ShipperID="1"
      CompanyName="Speedy Express"
      Phone="(503) 555-9831"
    />
  </RECORD>
  <RECORD>
    <ROW
      ShipperID="2"
      CompanyName="United Package"
      Phone="(503) 555-3199"
    />
  </RECORD>
  <RECORD>
    <ROW
      ShipperID="3"
      CompanyName="Federal Shipping"
      Phone="(503) 555-9931"
    />
  </RECORD>
</RECORDS>